221759.0,7.0,3.0,46.0,0.0,1.0,27.0,845.0,21.0,70.0,27.0,76.0,85.0,29.0,69.0,8.0,966.0,312.0,187.0,46.0,674.0,296.0,797.0,701.0,268.0,584.0,809.0,23.0,21.0,44.0,597.0,474.0,890.0,240.0,592.0,17.0,1.0,731.0,11.0,253.0,25.0,590.0,6.0,755.0,1.0,194.0,401.0,634.0,1.0,285.0,481.0,361.0,23.0,224.0,1.0,274.0,1.0,123.0,1.0,594.0,44.0,7.0,21.0,88.0,5.0,21.0,863.0,5.0,982.0,24.0,463.0,3.0,382.0,1.0,638.0,4.0,245.0,4.0,632.0,1.0,551.0,353.0,219.0,24.0,30.0,22.0,94.0,782.0,734.0,414.0,30.0,587.0,782.0,734.0,414.0,30.0,587.0,1.0,526.0,1.0,117.0
139959.0,8.0,5.0,18.0,0.0,1.0,36.0,130.0,24.0,85.0,27.5,53.0,95.0,20.0,75.0,9.0,1.0,137.0,484.0,65.0,39.0,163.0,400.0,83.0,488.0,401.0,47.0,785.0,27.0,27.0,54.0,1.0,16.0,731.0,788.0,374.0,264.0,18.0,2.0,245.0,8.0,245.0,33.0,741.0,9.0,937.0,1.0,321.0,399.0,791.0,1.0,475.0,768.0,192.0,29.0,295.0,79.0,815.0,1.0,606.0,2.0,28.0,38.0,3.0,19.0,90.0,6.0,27.0,547.0,8.0,583.0,32.0,546.0,3.0,584.0,938.0,5.0,781.0,7.0,447.0,1.0,598.0,467.0,425.0,25.0,30.0,23.0,744.0,939.0,24.0,216.0,27.0,831.0,939.0,24.0,216.0,27.0,831.0,1.0,918.0,1.0,606.0
243780.0,3.0,4.0,20.0,0.0,1.0,40.0,472.0,24.0,75.0,26.5,59.0,92.0,17.0,72.0,9.0,1.0,381.0,693.0,913.0,44.0,341.0,305.0,80.0,282.0,624.0,529.0,24.0,17.0,34.0,51.0,2.0,255.0,0.0,0.0,558.0,611.0,12.0,1.0,864.0,14.0,37.0,36.0,844.0,10.0,245.0,1.0,633.0,695.0,271.0,1.0,814.0,728.0,285.0,39.0,927.0,120.0,12.0,1.0,747.0,2.0,70.0,33.0,4.0,20.0,87.0,27.0,30.0,560.0,9.0,912.0,35.0,30.0,5.0,442.0,1.0,369.0,6.0,710.0,7.0,346.0,1.0,859.0,717.0,256.0,23.0,30.0,25.0,231.0,2.0,445.0,541.0,926.0,66.0,376.0,2.0,445.0,541.0,926.0,66.0,376.0,1.0,783.0,1.0,700.0
228723.0,3.0,19.0,27.0,0.5,1.0,63.0,813.0,23.0,79.0,26.0,67.0,90.0,24.0,71.0,10.0,2.0,325.0,612.0,600.0,48.0,196.0,1.0,145.0,743.0,188.0,568.0,219.0,956.0,37.0,18.0,55.0,9.0,944.0,935.0,710.0,866.0,678.0,20.0,3.0,579.0,18.0,80.0,58.0,252.0,14.0,647.0,2.0,807.0,502.0,613.0,3.0,106.0,852.0,15.0,169.0,313.0,181.0,658.0,2.0,61.0,3.0,182.0,33.0,3.0,18.0,87.0,24.0,48.0,959.0,14.0,854.0,55.0,471.0,8.0,342.0,1.0,532.0,9.0,977.0,10.0,449.0,2.0,710.0,758.0,730.0,23.0,29.0,29.0,423.0,10.0,521.0,34.0,492.0,180.0,613.0,10.0,521.0,34.0,492.0,180.0,613.0,2.0,983.0,1.0,995.0
171100.0,7.0,4.0,33.0,1.0,1.0,50.0,538.0,23.0,77.0,25.5,66.0,92.0,21.0,71.0,10.0,1.0,761.0,182.0,407.0,47.0,701.0,264.0,429.0,100.0,796.0,953.0,689.0,11.0,33.0,44.0,2.0,591.0,886.0,153.0,558.0,248.0,17.0,3.0,76.0,16.0,63.0,46.0,197.0,11.0,641.0,2.0,203.0,615.0,657.0,2.0,409.0,680.0,754.0,58.0,872.0,104.0,617.0,1.0,831.0,2.0,948.0,45.0,3.0,19.0,87.0,12.0,39.0,143.0,11.0,395.0,44.0,26.0,6.0,512.0,1.0,262.0,8.0,167.0,8.0,299.0,2.0,138.0,577.0,627.0,23.0,28.0,22.0,975.0,2.0,549.0,137.0,18.0,55.0,180.0,2.0,549.0,137.0,18.0,55.0,180.0,2.0,616.0,1.0,811.0
174066.0,4.0,3.0,26.0,1.0,1.0,50.0,678.0,33.0,77.0,28.5,45.0,93.0,20.0,63.0,13.0,2.0,654.0,252.0,526.0,70.0,137.0,565.0,807.0,305.0,622.0,508.0,322.0,18.0,20.0,38.0,3.0,268.0,184.0,653.0,880.0,618.0,17.0,3.0,760.0,32.0,110.0,42.0,805.0,13.0,521.0,3.0,2.0,216.0,917.0,3.0,93.0,36.0,263.0,53.0,913.0,89.0,171.0,2.0,363.0,3.0,860.0,42.0,10.0,31.0,77.0,40.0,34.0,71.0,16.0,607.0,38.0,869.0,11.0,809.0,3.0,496.0,12.0,448.0,8.0,452.0,3.0,308.0,725.0,1.0,36.0,26.0,31.0,27.0,761.0,2.0,992.0,707.0,59.0,69.0,914.0,2.0,992.0,707.0,59.0,69.0,914.0,3.0,96.0,2.0,191.0
0.0,6.0,3.0,23.0,0.0,0.0,22.0,698.0,21.0,81.0,29.0,51.0,93.0,15.0,72.0,4.0,693.0,48.0,280.0,40.0,436.0,106.0,344.0,796.0,316.0,893.0,164.0,13.0,39.0,53.0,0.0,171.0,215.0,18.0,1.0,263.0,4.0,207.0,20.0,983.0,5.0,351.0,848.0,463.0,389.0,804.0,913.0,728.0,0.0,12.0,506.0,882.0,1.0,177.0,43.0,4.0,18.0,89.0,2.0,18.0,16.0,4.0,682.0,20.0,125.0,2.0,573.0,696.0,3.0,283.0,3.0,844.0,1.0,270.0,237.0,0.0,27.0,31.0,20.0,171.0,836.0,151.0,997.0,39.0,850.0,836.0,151.0,997.0,39.0,850.0,1.0,134.0,878.0
151351.0,4.0,5.0,36.0,0.0,0.0,48.0,514.0,21.0,77.0,26.0,78.0,89.0,18.0,70.0,7.0,1.0,152.0,460.0,573.0,35.0,951.0,211.0,850.0,535.0,705.0,286.0,278.0,14.0,47.0,61.0,1.0,986.0,645.0,862.0,485.0,76.0,17.0,2.0,316.0,17.0,129.0,41.0,507.0,11.0,116.0,1.0,492.0,193.0,10.0,1.0,511.0,178.0,406.0,23.0,496.0,0.0,1.0,348.0,2.0,110.0,32.0,2.0,17.0,78.0,8.0,38.0,364.0,10.0,150.0,38.0,3.0,10.0,511.0,835.0,7.0,277.0,7.0,798.0,2.0,487.0,538.0,279.0,23.0,29.0,22.0,96.0,961.0,53.0,869.0,23.0,154.0,961.0,53.0,869.0,23.0,154.0,1.0,995.0,1.0,348.0
186380.0,8.0,12.0,25.0,1.0,0.0,49.0,428.0,28.0,80.0,27.0,58.0,93.0,28.0,65.0,11.0,1.0,974.0,609.0,0.0,67.0,818.0,680.0,668.0,0.0,654.0,304.0,0.0,22.0,21.0,43.0,1.0,76.0,777.0,714.0,628.0,613.0,15.0,5.0,694.0,20.0,110.0,44.0,562.0,11.0,707.0,3.0,22.0,117.0,0.0,3.0,123.0,546.0,0.0,18.0,230.0,31.0,354.0,1.0,767.0,4.0,4.0,52.0,8.0,25.0,85.0,36.0,35.0,484.0,13.0,944.0,42.0,129.0,7.0,299.0,2.0,777.0,9.0,708.0,7.0,569.0,2.0,780.0,597.0,656.0,24.0,30.0,29.0,958.0,763.0,561.0,0.0,17.0,135.0,763.0,561.0,0.0,17.0,135.0,3.0,158.0,1.0,753.0
100858.0,7.0,3.0,43.0,0.0,1.0,27.0,287.0,20.0,73.0,27.0,78.0,90.0,14.0,74.0,8.0,713.0,358.0,897.0,35.0,990.0,222.0,838.0,374.0,363.0,14.0,113.0,23.0,37.0,60.0,703.0,759.0,237.0,135.0,899.0,19.0,1.0,399.0,1.0,273.0,24.0,372.0,6.0,264.0,877.0,156.0,995.0,974.0,160.0,311.0,28.0,723.0,56.0,845.0,1.0,21.0,1.0,277.0,35.0,4.0,16.0,84.0,1.0,21.0,786.0,5.0,501.0,22.0,915.0,4.0,372.0,931.0,3.0,564.0,4.0,638.0,1.0,107.0,257.0,262.0,24.0,30.0,24.0,38.0,593.0,270.0,763.0,24.0,342.0,593.0,270.0,763.0,24.0,342.0,1.0,216.0,996.0
153603.0,3.0,4.0,51.0,0.0,1.0,35.0,714.0,16.0,71.0,25.0,87.0,87.0,20.0,82.0,6.0,924.0,545.0,163.0,34.0,833.0,250.0,353.0,637.0,319.0,863.0,216.0,20.0,26.0,46.0,760.0,460.0,621.0,306.0,125.0,19.0,1.0,870.0,10.0,315.0,33.0,571.0,7.0,530.0,1.0,169.0,360.0,661.0,1.0,236.0,446.0,158.0,22.0,141.0,49.0,50.0,1.0,326.0,1.0,681.0,52.0,5.0,15.0,91.0,5.0,30.0,34.0,5.0,680.0,32.0,499.0,3.0,215.0,1.0,508.0,3.0,942.0,6.0,144.0,903.0,336.0,147.0,22.0,28.0,16.0,986.0,702.0,478.0,683.0,20.0,925.0,702.0,478.0,683.0,20.0,925.0,1.0,587.0,1.0,285.0
199193.0,6.0,4.0,38.0,0.0,1.0,34.0,15.0,29.0,75.0,27.5,50.0,93.0,21.0,64.0,7.0,1.0,145.0,457.0,853.0,46.0,212.0,481.0,548.0,424.0,270.0,139.0,559.0,33.0,19.0,52.0,998.0,600.0,0.0,468.0,293.0,15.0,1.0,965.0,14.0,143.0,29.0,183.0,8.0,657.0,1.0,348.0,601.0,157.0,1.0,449.0,454.0,784.0,35.0,429.0,99.0,41.0,1.0,360.0,1.0,802.0,41.0,9.0,26.0,79.0,20.0,24.0,111.0,9.0,904.0,26.0,767.0,7.0,248.0,2.0,121.0,6.0,767.0,5.0,555.0,2.0,338.0,512.0,79.0,25.0,30.0,25.0,758.0,885.0,55.0,0.0,30.0,328.0,885.0,55.0,0.0,30.0,328.0,1.0,690.0,1.0,350.0
214777.0,4.0,6.0,14.0,0.5,0.0,47.0,307.0,14.0,86.0,26.5,51.0,93.0,13.0,84.0,6.0,3.0,27.0,334.0,0.0,106.0,475.0,399.0,783.0,0.0,1.0,696.0,729.0,0.0,8.0,32.0,40.0,3.0,742.0,900.0,0.0,791.0,31.0,16.0,3.0,540.0,21.0,96.0,46.0,42.0,13.0,13.0,4.0,902.0,341.0,0.0,5.0,293.0,400.0,0.0,81.0,293.0,86.0,469.0,1.0,608.0,3.0,51.0,49.0,2.0,12.0,96.0,27.0,40.0,742.0,6.0,565.0,45.0,410.0,1.0,897.0,991.0,4.0,521.0,10.0,876.0,1.0,342.0,673.0,102.0,24.0,29.0,45.0,534.0,0.0,0.0,1.0,434.0,107.0,0.0,31.0,148.0,2.0,787.0,1.0,608.0
110644.0,2.0,17.0,10.0,1.0,1.0,35.0,186.0,20.0,85.0,26.5,38.0,93.0,38.0,79.0,10.0,2.0,125.0,853.0,500.0,114.0,412.0,373.0,591.0,0.0,460.0,452.0,0.0,9.0,11.0,20.0,965.0,805.0,389.0,721.0,77.0,18.0,2.0,615.0,14.0,43.0,34.0,260.0,9.0,863.0,3.0,919.0,758.0,0.0,4.0,81.0,222.0,0.0,27.0,613.0,137.0,628.0,1.0,475.0,2.0,349.0,39.0,6.0,19.0,96.0,46.0,28.0,257.0,6.0,929.0,33.0,797.0,1.0,389.0,1.0,642.0,5.0,2.0,7.0,762.0,1.0,123.0,553.0,425.0,23.0,30.0,24.0,345.0,320.0,745.0,0.0,9.0,362.0,320.0,745.0,0.0,9.0,362.0,2.0,211.0,1.0,431.0
204796.0,5.0,4.0,16.0,1.0,1.0,58.0,663.0,23.0,83.0,29.0,49.0,94.0,17.0,71.0,11.0,2.0,324.0,441.0,728.0,97.0,197.0,416.0,187.0,680.0,811.0,302.0,294.0,7.0,14.0,22.0,1.0,722.0,216.0,779.0,817.0,881.0,19.0,5.0,93.0,29.0,71.0,53.0,540.0,15.0,303.0,5.0,203.0,887.0,926.0,5.0,627.0,192.0,64.0,29.0,36.0,58.0,895.0,2.0,407.0,4.0,94.0,43.0,8.0,21.0,87.0,32.0,45.0,289.0,13.0,374.0,50.0,978.0,7.0,685.0,3.0,602.0,8.0,434.0,10.0,898.0,2.0,707.0,832.0,863.0,27.0,31.0,22.0,927.0,3.0,595.0,323.0,149.0,67.0,153.0,3.0,595.0,323.0,149.0,67.0,153.0,3.0,594.0,2.0,386.0
134130.0,6.0,17.0,14.0,1.0,1.0,50.0,645.0,34.0,87.0,28.0,48.0,96.0,27.0,59.0,13.0,2.0,463.0,330.0,0.0,57.0,442.0,638.0,531.0,0.0,375.0,820.0,0.0,22.0,13.0,35.0,1.0,467.0,823.0,502.0,739.0,522.0,20.0,2.0,998.0,15.0,56.0,45.0,313.0,14.0,634.0,2.0,602.0,872.0,0.0,2.0,865.0,955.0,0.0,44.0,229.0,167.0,641.0,2.0,78.0,2.0,647.0,31.0,5.0,25.0,84.0,25.0,33.0,402.0,17.0,243.0,42.0,647.0,7.0,998.0,1.0,541.0,11.0,373.0,8.0,696.0,3.0,630.0,778.0,1.0,137.0,26.0,30.0,22.0,385.0,1.0,519.0,964.0,0.0,33.0,544.0,1.0,519.0,964.0,0.0,33.0,544.0,2.0,471.0,1.0,981.0
145637.0,5.0,8.0,10.0,1.0,1.0,45.0,842.0,27.0,85.0,28.5,66.0,93.0,21.0,66.0,9.0,2.0,257.0,275.0,682.0,59.0,986.0,258.0,640.0,256.0,719.0,151.0,731.0,10.0,27.0,37.0,1.0,489.0,990.0,976.0,639.0,817.0,19.0,2.0,593.0,29.0,48.0,43.0,118.0,13.0,41.0,2.0,586.0,487.0,77.0,2.0,646.0,806.0,576.0,32.0,503.0,130.0,410.0,1.0,835.0,2.0,383.0,38.0,2.0,18.0,91.0,55.0,33.0,368.0,12.0,474.0,41.0,756.0,4.0,86.0,674.0,7.0,540.0,8.0,621.0,3.0,286.0,829.0,305.0,26.0,31.0,22.0,677.0,1.0,289.0,584.0,273.0,29.0,908.0,1.0,289.0,584.0,273.0,29.0,908.0,2.0,278.0,1.0,799.0
240444.0,2.0,5.0,10.0,1.0,1.0,42.0,716.0,27.0,85.0,29.0,58.0,96.0,12.0,71.0,12.0,2.0,175.0,188.0,662.0,63.0,725.0,387.0,773.0,287.0,413.0,841.0,600.0,15.0,16.0,31.0,2.0,739.0,728.0,36.0,1.0,69.0,77.0,18.0,4.0,363.0,26.0,67.0,39.0,792.0,12.0,406.0,2.0,535.0,761.0,218.0,2.0,546.0,274.0,588.0,70.0,553.0,55.0,99.0,2.0,107.0,3.0,746.0,35.0,5.0,22.0,90.0,75.0,30.0,991.0,11.0,725.0,38.0,330.0,4.0,386.0,1.0,577.0,8.0,20.0,8.0,747.0,2.0,153.0,857.0,649.0,27.0,31.0,20.0,145.0,3.0,133.0,196.0,699.0,78.0,739.0,3.0,133.0,196.0,699.0,78.0,739.0,3.0,393.0,1.0,982.0
110635.0,2.0,12.0,1.0,0.0,0.0,38.0,189.0,28.0,92.0,31.0,17.0,96.0,26.0,71.0,10.0,2.0,398.0,394.0,750.0,72.0,157.0,344.0,389.0,0.0,730.0,157.0,0.0,12.0,26.0,38.0,3.0,845.0,280.0,801.0,788.0,505.0,17.0,2.0,337.0,32.0,37.0,36.0,703.0,12.0,67.0,2.0,648.0,373.0,0.0,2.0,845.0,717.0,0.0,103.0,398.0,62.0,493.0,1.0,404.0,1.0,900.0,26.0,6.0,26.0,94.0,230.0,27.0,496.0,10.0,693.0,35.0,960.0,2.0,229.0,1.0,686.0,8.0,91.0,8.0,516.0,2.0,386.0,826.0,339.0,28.0,34.0,29.0,277.0,1.0,671.0,939.0,0.0,45.0,553.0,1.0,671.0,939.0,0.0,45.0,553.0,1.0,650.0,1.0,381.0
110662.0,3.0,18.0,2.0,1.0,0.0,41.0,908.0,29.0,91.0,29.5,17.0,96.0,30.0,66.0,11.0,3.0,937.0,954.0,640.0,154.0,179.0,473.0,116.0,0.0,668.0,355.0,0.0,7.0,10.0,17.0,3.0,849.0,133.0,252.0,1.0,21.0,227.0,16.0,4.0,395.0,33.0,26.0,40.0,967.0,12.0,749.0,6.0,316.0,298.0,0.0,6.0,630.0,992.0,0.0,90.0,249.0,0.0,1.0,731.0,3.0,682.0,35.0,5.0,25.0,97.0,100.0,29.0,585.0,12.0,323.0,40.0,497.0,1.0,411.0,1.0,517.0,8.0,892.0,8.0,373.0,2.0,992.0,774.0,610.0,26.0,33.0,27.0,863.0,1.0,616.0,45.0,0.0,39.0,447.0,1.0,616.0,45.0,0.0,39.0,447.0,3.0,290.0,1.0,688.0
110705.0,2.0,24.0,8.0,0.0,0.0,23.0,497.0,12.0,81.0,27.5,33.0,93.0,38.0,86.0,6.0,809.0,412.0,478.0,43.0,285.0,185.0,34.0,0.0,325.0,13.0,0.0,19.0,33.0,51.0,279.0,311.0,267.0,222.0,870.0,17.0,1.0,103.0,11.0,106.0,23.0,150.0,6.0,225.0,1.0,2.0,33.0,0.0,998.0,909.0,0.0,11.0,993.0,0.0,810.0,983.0,40.0,2.0,11.0,98.0,58.0,20.0,607.0,2.0,890.0,22.0,976.0,521.0,464.0,2.0,27.0,5.0,357.0,519.0,349.0,0.0,24.0,31.0,22.0,33.0,144.0,379.0,0.0,6.0,237.0,144.0,379.0,0.0,6.0,237.0,923.0,803.0
163286.0,11.0,8.0,20.0,0.0,0.0,38.0,140.0,28.0,86.0,29.5,45.0,95.0,14.0,70.0,6.0,1.0,471.0,736.0,805.0,50.0,307.0,466.0,392.0,497.0,434.0,750.0,774.0,26.0,24.0,50.0,466.0,74.0,705.0,505.0,699.0,17.0,2.0,488.0,11.0,100.0,35.0,47.0,10.0,955.0,1.0,763.0,134.0,901.0,1.0,813.0,41.0,454.0,14.0,163.0,56.0,326.0,1.0,410.0,2.0,38.0,34.0,7.0,25.0,88.0,30.0,27.0,443.0,10.0,697.0,33.0,501.0,4.0,639.0,1.0,793.0,7.0,582.0,7.0,700.0,2.0,562.0,654.0,39.0,27.0,32.0,25.0,712.0,487.0,268.0,756.0,13.0,903.0,487.0,268.0,756.0,13.0,903.0,1.0,813.0,1.0,376.0
170976.0,4.0,5.0,4.0,1.0,0.0,43.0,651.0,35.0,90.0,31.0,26.0,97.0,13.0,58.0,12.0,2.0,828.0,120.0,0.0,154.0,853.0,295.0,174.0,0.0,990.0,71.0,0.0,4.0,15.0,19.0,9.0,743.0,461.0,82.0,1.0,369.0,278.0,12.0,7.0,703.0,50.0,24.0,41.0,960.0,14.0,5.0,6.0,497.0,563.0,0.0,6.0,713.0,333.0,0.0,176.0,970.0,18.0,542.0,2.0,934.0,6.0,713.0,32.0,2.0,23.0,94.0,106.0,28.0,312.0,15.0,339.0,41.0,114.0,2.0,537.0,498.0,9.0,541.0,8.0,97.0,4.0,296.0,882.0,730.0,29.0,33.0,30.0,630.0,9.0,603.0,919.0,0.0,228.0,885.0,9.0,603.0,919.0,0.0,228.0,885.0,6.0,218.0,2.0,744.0
199120.0,8.0,7.0,5.0,1.0,0.0,29.0,84.0,37.0,90.0,30.5,31.0,97.0,20.0,64.0,13.0,2.0,172.0,914.0,100.0,116.0,880.0,479.0,186.0,534.0,395.0,5.0,214.0,15.0,13.0,28.0,2.0,899.0,973.0,752.0,966.0,781.0,14.0,1.0,966.0,21.0,30.0,25.0,741.0,9.0,261.0,3.0,8.0,647.0,399.0,3.0,99.0,203.0,311.0,105.0,385.0,0.0,1.0,215.0,1.0,816.0,32.0,4.0,30.0,83.0,38.0,18.0,415.0,10.0,669.0,24.0,70.0,5.0,14.0,710.0,7.0,951.0,5.0,901.0,2.0,141.0,519.0,700.0,28.0,33.0,33.0,961.0,2.0,659.0,759.0,286.0,103.0,326.0,2.0,659.0,759.0,286.0,103.0,326.0,1.0,731.0,1.0,209.0
215293.0,5.0,3.0,24.0,1.0,0.0,28.0,649.0,34.0,82.0,28.0,54.0,92.0,15.0,61.0,13.0,1.0,819.0,598.0,0.0,73.0,917.0,184.0,905.0,0.0,580.0,633.0,0.0,9.0,28.0,37.0,3.0,546.0,458.0,0.0,861.0,205.0,15.0,4.0,640.0,28.0,59.0,26.0,526.0,8.0,617.0,1.0,960.0,705.0,0.0,2.0,60.0,915.0,0.0,108.0,406.0,0.0,1.0,597.0,4.0,168.0,54.0,6.0,26.0,89.0,33.0,18.0,908.0,9.0,741.0,25.0,464.0,3.0,185.0,1.0,132.0,6.0,259.0,5.0,232.0,2.0,295.0,438.0,652.0,26.0,30.0,28.0,860.0,0.0,0.0,3.0,610.0,395.0,0.0,136.0,109.0,3.0,932.0,1.0,565.0
228778.0,4.0,20.0,18.0,1.0,0.0,50.0,950.0,22.0,80.0,29.0,39.0,95.0,22.0,68.0,10.0,2.0,111.0,270.0,659.0,52.0,969.0,829.0,369.0,276.0,471.0,983.0,244.0,30.0,17.0,47.0,10.0,935.0,780.0,996.0,650.0,608.0,18.0,3.0,43.0,17.0,51.0,48.0,321.0,14.0,70.0,2.0,559.0,511.0,752.0,2.0,763.0,545.0,564.0,234.0,176.0,0.0,1.0,855.0,2.0,833.0,36.0,4.0,19.0,92.0,72.0,39.0,619.0,11.0,331.0,47.0,7.0,3.0,943.0,1.0,694.0,7.0,835.0,9.0,503.0,3.0,188.0,899.0,480.0,26.0,32.0,26.0,931.0,3.0,376.0,824.0,61.0,69.0,883.0,3.0,376.0,824.0,61.0,69.0,883.0,2.0,728.0,1.0,855.0
234076.0,6.0,5.0,2.0,1.0,0.0,23.0,883.0,30.0,93.0,30.5,30.0,97.0,12.0,64.0,12.0,1.0,226.0,864.0,767.0,125.0,365.0,136.0,725.0,428.0,479.0,424.0,150.0,4.0,15.0,19.0,5.0,852.0,308.0,928.0,373.0,218.0,15.0,2.0,285.0,11.0,56.0,22.0,459.0,7.0,463.0,2.0,815.0,575.0,207.0,3.0,201.0,54.0,439.0,27.0,987.0,0.0,1.0,392.0,2.0,180.0,26.0,5.0,24.0,91.0,24.0,16.0,736.0,7.0,147.0,21.0,747.0,2.0,136.0,762.0,4.0,946.0,4.0,812.0,1.0,760.0,366.0,525.0,28.0,33.0,27.0,434.0,5.0,876.0,310.0,216.0,261.0,646.0,5.0,876.0,310.0,216.0,261.0,646.0,2.0,127.0,1.0,387.0
236948.0,2.0,7.0,16.0,1.0,0.0,45.0,408.0,32.0,84.0,27.5,53.0,94.0,21.0,63.0,10.0,3.0,14.0,445.0,149.0,113.0,431.0,255.0,156.0,233.0,914.0,419.0,476.0,5.0,18.0,23.0,2.0,968.0,12.0,527.0,1.0,180.0,563.0,20.0,4.0,559.0,39.0,61.0,41.0,851.0,13.0,344.0,4.0,747.0,225.0,369.0,4.0,982.0,563.0,228.0,53.0,35.0,30.0,856.0,2.0,910.0,3.0,899.0,30.0,9.0,30.0,88.0,116.0,31.0,63.0,14.0,345.0,40.0,73.0,5.0,335.0,2.0,811.0,10.0,970.0,8.0,343.0,3.0,606.0,841.0,554.0,24.0,31.0,27.0,946.0,2.0,915.0,57.0,707.0,69.0,653.0,2.0,915.0,57.0,707.0,69.0,653.0,3.0,569.0,2.0,554.0
159391.0,12.0,6.0,64.0,0.0,1.0,31.0,524.0,17.0,67.0,25.5,77.0,85.0,22.0,73.0,9.0,913.0,203.0,418.0,38.0,6.0,217.0,160.0,961.0,308.0,224.0,959.0,19.0,26.0,45.0,416.0,717.0,253.0,281.0,154.0,23.0,1.0,451.0,5.0,441.0,29.0,67.0,6.0,441.0,1.0,104.0,694.0,912.0,1.0,164.0,446.0,959.0,14.0,233.0,74.0,13.0,965.0,1.0,338.0,30.0,5.0,16.0,88.0,3.0,26.0,156.0,5.0,368.0,27.0,838.0,3.0,686.0,1.0,356.0,3.0,641.0,4.0,707.0,1.0,130.0,331.0,273.0,23.0,28.0,18.0,75.0,506.0,467.0,351.0,17.0,424.0,506.0,467.0,351.0,17.0,424.0,1.0,282.0,965.0
233921.0,4.0,5.0,27.0,0.0,1.0,32.0,663.0,22.0,83.0,26.5,73.0,94.0,15.0,75.0,7.0,1.0,46.0,798.0,126.0,41.0,580.0,242.0,830.0,896.0,411.0,207.0,16.0,18.0,30.0,48.0,842.0,991.0,159.0,504.0,282.0,14.0,1.0,745.0,7.0,149.0,30.0,759.0,8.0,204.0,1.0,278.0,963.0,580.0,1.0,352.0,244.0,962.0,26.0,949.0,104.0,627.0,1.0,424.0,1.0,809.0,42.0,3.0,18.0,91.0,16.0,25.0,384.0,7.0,279.0,29.0,807.0,2.0,856.0,637.0,5.0,245.0,6.0,134.0,1.0,428.0,488.0,105.0,24.0,29.0,21.0,263.0,788.0,800.0,0.0,25.0,645.0,788.0,800.0,0.0,25.0,645.0,1.0,731.0,1.0,419.0
157085.0,7.0,4.0,63.0,1.0,1.0,29.0,727.0,24.0,63.0,25.0,89.0,83.0,26.0,69.0,12.0,1.0,288.0,801.0,10.0,94.0,760.0,279.0,611.0,300.0,302.0,936.0,441.0,9.0,10.0,20.0,1.0,96.0,112.0,0.0,331.0,705.0,17.0,2.0,134.0,12.0,380.0,27.0,872.0,6.0,572.0,2.0,641.0,130.0,361.0,2.0,954.0,536.0,247.0,38.0,24.0,59.0,511.0,1.0,526.0,1.0,836.0,45.0,7.0,21.0,91.0,3.0,22.0,705.0,7.0,22.0,26.0,944.0,2.0,783.0,1.0,659.0,4.0,553.0,4.0,504.0,1.0,260.0,295.0,513.0,22.0,28.0,20.0,901.0,1.0,215.0,225.0,687.0,43.0,601.0,1.0,215.0,225.0,687.0,43.0,601.0,1.0,686.0,1.0,477.0
176080.0,19.0,2.0,93.0,0.0,1.0,20.0,873.0,17.0,60.0,25.0,65.0,82.0,32.0,77.0,5.0,557.0,124.0,295.0,33.0,938.0,180.0,278.0,300.0,134.0,396.0,877.0,27.0,20.0,46.0,444.0,485.0,187.0,226.0,359.0,19.0,1.0,110.0,1.0,487.0,18.0,873.0,4.0,197.0,640.0,511.0,953.0,677.0,923.0,258.0,23.0,809.0,106.0,463.0,749.0,1.0,7.0,49.0,10.0,20.0,86.0,2.0,17.0,421.0,3.0,452.0,17.0,873.0,3.0,0.0,1.0,659.0,2.0,596.0,3.0,211.0,760.0,146.0,80.0,21.0,29.0,16.0,673.0,456.0,609.0,736.0,24.0,194.0,456.0,609.0,736.0,24.0,194.0,956.0,748.0
178396.0,7.0,3.0,51.0,1.0,1.0,35.0,424.0,22.0,69.0,26.5,78.0,87.0,21.0,72.0,9.0,889.0,922.0,805.0,65.0,26.0,224.0,562.0,5.0,343.0,506.0,166.0,10.0,15.0,26.0,869.0,565.0,594.0,246.0,684.0,20.0,2.0,664.0,6.0,325.0,32.0,468.0,8.0,347.0,2.0,111.0,260.0,516.0,2.0,216.0,331.0,274.0,28.0,357.0,86.0,596.0,990.0,2.0,130.0,46.0,3.0,18.0,87.0,8.0,27.0,791.0,7.0,633.0,30.0,990.0,4.0,434.0,940.0,5.0,309.0,5.0,995.0,1.0,571.0,435.0,346.0,24.0,29.0,17.0,496.0,806.0,717.0,48.0,24.0,847.0,806.0,717.0,48.0,24.0,847.0,1.0,848.0,973.0
100751.0,11.0,4.0,46.0,0.0,0.0,37.0,98.0,14.0,67.0,26.5,54.0,86.0,19.0,74.0,6.0,735.0,249.0,498.0,27.0,602.0,146.0,222.0,914.0,452.0,717.0,202.0,14.0,45.0,59.0,798.0,438.0,258.0,58.0,234.0,24.0,1.0,867.0,4.0,398.0,33.0,706.0,8.0,390.0,930.0,367.0,41.0,1.0,8.0,832.0,367.0,22.0,735.0,0.0,897.0,1.0,508.0,41.0,8.0,17.0,86.0,0.0,31.0,958.0,5.0,140.0,32.0,10.0,5.0,88.0,2.0,590.0,3.0,556.0,6.0,195.0,1.0,672.0,264.0,259.0,22.0,31.0,17.0,770.0,667.0,980.0,131.0,19.0,818.0,667.0,980.0,131.0,19.0,818.0,1.0,328.0,895.0
106397.0,5.0,7.0,64.0,0.0,0.0,26.0,754.0,17.0,62.0,25.5,60.0,82.0,21.0,75.0,5.0,629.0,994.0,729.0,33.0,107.0,205.0,745.0,146.0,189.0,315.0,846.0,25.0,23.0,47.0,898.0,907.0,868.0,133.0,660.0,19.0,1.0,333.0,5.0,427.0,23.0,195.0,5.0,997.0,767.0,906.0,927.0,834.0,487.0,120.0,37.0,10.0,68.0,84.0,790.0,1.0,210.0,40.0,10.0,20.0,80.0,3.0,22.0,159.0,4.0,595.0,21.0,415.0,5.0,339.0,2.0,132.0,3.0,346.0,4.0,482.0,1.0,208.0,173.0,134.0,23.0,28.0,17.0,32.0,929.0,693.0,370.0,40.0,82.0,929.0,693.0,370.0,40.0,82.0,1.0,149.0,785.0
176017.0,13.0,3.0,64.0,0.0,0.0,23.0,212.0,19.0,61.0,24.5,79.0,87.0,23.0,71.0,10.0,715.0,423.0,161.0,83.0,424.0,281.0,850.0,140.0,228.0,280.0,647.0,14.0,12.0,26.0,600.0,0.0,0.0,94.0,40.0,18.0,2.0,162.0,1.0,325.0,21.0,514.0,5.0,137.0,1.0,794.0,778.0,831.0,1.0,978.0,118.0,684.0,27.0,120.0,0.0,983.0,1.0,913.0,44.0,9.0,20.0,89.0,0.0,18.0,785.0,4.0,427.0,20.0,665.0,2.0,547.0,1.0,608.0,2.0,924.0,3.0,659.0,945.0,118.0,415.0,21.0,28.0,23.0,712.0,666.0,670.0,997.0,30.0,988.0,666.0,670.0,997.0,30.0,988.0,1.0,789.0,976.0
218663.0,10.0,4.0,49.0,1.0,0.0,33.0,724.0,25.0,72.0,26.5,65.0,87.0,18.0,72.0,9.0,807.0,992.0,14.0,31.0,428.0,117.0,338.0,183.0,381.0,810.0,874.0,11.0,37.0,48.0,655.0,469.0,462.0,208.0,736.0,19.0,2.0,285.0,8.0,256.0,30.0,869.0,8.0,588.0,970.0,136.0,51.0,1.0,43.0,44.0,592.0,14.0,820.0,4.0,149.0,1.0,0.0,1.0,722.0,48.0,6.0,22.0,87.0,2.0,25.0,237.0,8.0,487.0,29.0,441.0,4.0,283.0,1.0,482.0,5.0,929.0,6.0,210.0,1.0,623.0,358.0,393.0,24.0,29.0,16.0,170.0,484.0,82.0,93.0,15.0,682.0,484.0,82.0,93.0,15.0,682.0,1.0,440.0,944.0
134097.0,8.0,17.0,38.0,1.0,0.0,40.0,830.0,20.0,79.0,27.0,56.0,93.0,24.0,75.0,6.0,889.0,846.0,982.0,29.0,414.0,361.0,291.0,258.0,251.0,879.0,420.0,32.0,22.0,54.0,584.0,528.0,857.0,256.0,449.0,25.0,1.0,932.0,2.0,226.0,37.0,29.0,12.0,751.0,1.0,89.0,192.0,745.0,1.0,128.0,649.0,111.0,15.0,817.0,0.0,1.0,80.0,1.0,635.0,46.0,6.0,18.0,86.0,6.0,32.0,706.0,8.0,124.0,35.0,129.0,5.0,701.0,1.0,967.0,5.0,438.0,9.0,604.0,2.0,153.0,424.0,393.0,25.0,29.0,16.0,559.0,624.0,556.0,561.0,16.0,867.0,624.0,556.0,561.0,16.0,867.0,1.0,486.0,1.0,67.0
207500.0,5.0,8.0,51.0,0.0,0.0,27.0,428.0,22.0,66.0,26.5,78.0,86.0,21.0,67.0,6.0,680.0,320.0,0.0,38.0,989.0,147.0,149.0,0.0,278.0,121.0,0.0,16.0,30.0,47.0,1.0,521.0,0.0,0.0,242.0,367.0,18.0,1.0,447.0,3.0,299.0,23.0,227.0,6.0,358.0,905.0,616.0,0.0,912.0,800.0,0.0,60.0,19.0,0.0,949.0,1.0,276.0,35.0,12.0,27.0,77.0,1.0,21.0,297.0,6.0,131.0,21.0,127.0,6.0,301.0,2.0,607.0,4.0,738.0,4.0,279.0,1.0,713.0,218.0,148.0,24.0,29.0,18.0,309.0,965.0,937.0,0.0,41.0,586.0,965.0,937.0,0.0,41.0,586.0,1.0,191.0,948.0
181464.0,3.0,5.0,51.0,0.0,1.0,25.0,260.0,20.0,67.0,25.0,76.0,83.0,25.0,75.0,9.0,754.0,702.0,649.0,44.0,368.0,272.0,388.0,353.0,202.0,702.0,615.0,25.0,19.0,44.0,1.0,475.0,90.0,0.0,284.0,438.0,21.0,1.0,349.0,9.0,469.0,22.0,727.0,5.0,359.0,1.0,8.0,342.0,236.0,1.0,84.0,103.0,910.0,33.0,593.0,81.0,383.0,1.0,27.0,1.0,276.0,40.0,6.0,19.0,85.0,2.0,20.0,182.0,5.0,78.0,21.0,460.0,3.0,800.0,1.0,117.0,3.0,696.0,4.0,29.0,860.0,325.0,139.0,22.0,28.0,20.0,905.0,203.0,672.0,175.0,8.0,962.0,203.0,672.0,175.0,8.0,962.0,1.0,239.0,1.0,11.0
130943.0,6.0,7.0,30.0,0.0,1.0,22.0,852.0,16.0,79.0,26.5,67.0,92.0,15.0,75.0,5.0,790.0,194.0,0.0,42.0,355.0,117.0,5.0,0.0,406.0,304.0,0.0,12.0,43.0,55.0,1.0,261.0,782.0,826.0,175.0,724.0,16.0,1.0,162.0,6.0,0.0,21.0,325.0,5.0,990.0,903.0,231.0,0.0,953.0,442.0,0.0,60.0,844.0,32.0,695.0,842.0,1.0,133.0,52.0,4.0,14.0,90.0,7.0,19.0,100.0,3.0,752.0,20.0,562.0,2.0,290.0,784.0,2.0,508.0,4.0,500.0,891.0,237.0,37.0,24.0,29.0,24.0,539.0,0.0,0.0,312.0,293.0,0.0,14.0,644.0,1.0,119.0,839.0
126818.0,2.0,10.0,63.0,0.0,1.0,30.0,614.0,22.0,67.0,25.0,81.0,87.0,21.0,71.0,5.0,838.0,968.0,977.0,38.0,250.0,2.0,355.0,0.0,363.0,593.0,739.0,0.0,36.0,37.0,425.0,200.0,0.0,317.0,219.0,18.0,1.0,907.0,8.0,0.0,26.0,149.0,7.0,361.0,1.0,0.0,200.0,336.0,1.0,0.0,11.0,256.0,16.0,260.0,36.0,811.0,1.0,94.0,1.0,700.0,45.0,5.0,20.0,78.0,8.0,23.0,917.0,6.0,697.0,23.0,917.0,6.0,697.0,1.0,314.0,4.0,863.0,5.0,229.0,1.0,755.0,251.0,126.0,22.0,28.0,13.0,995.0,297.0,89.0,69.0,11.0,361.0,297.0,89.0,69.0,11.0,361.0,1.0,301.0,995.0
155317.0,4.0,6.0,56.0,0.0,0.0,27.0,259.0,29.0,61.0,25.0,93.0,80.0,24.0,63.0,15.0,994.0,983.0,111.0,48.0,842.0,244.0,734.0,520.0,289.0,104.0,231.0,19.0,23.0,42.0,1.0,475.0,157.0,887.0,311.0,383.0,16.0,2.0,590.0,8.0,298.0,24.0,450.0,6.0,502.0,1.0,194.0,203.0,648.0,1.0,265.0,256.0,171.0,65.0,137.0,1.0,714.0,1.0,313.0,2.0,309.0,45.0,10.0,28.0,85.0,5.0,19.0,245.0,8.0,14.0,23.0,46.0,4.0,213.0,1.0,869.0,5.0,791.0,4.0,82.0,1.0,467.0,390.0,563.0,22.0,28.0,21.0,834.0,1.0,494.0,880.0,664.0,61.0,139.0,1.0,494.0,880.0,664.0,61.0,139.0,2.0,169.0,1.0,287.0
104151.0,4.0,17.0,63.0,0.0,0.0,51.0,984.0,20.0,66.0,25.5,83.0,86.0,28.0,70.0,6.0,1.0,796.0,600.0,0.0,42.0,248.0,338.0,42.0,0.0,1.0,21.0,14.0,0.0,16.0,48.0,64.0,612.0,589.0,550.0,458.0,412.0,23.0,2.0,103.0,9.0,0.0,47.0,932.0,13.0,22.0,2.0,25.0,50.0,0.0,2.0,117.0,290.0,0.0,6.0,903.0,0.0,1.0,365.0,1.0,991.0,43.0,12.0,23.0,88.0,22.0,41.0,828.0,10.0,156.0,45.0,906.0,6.0,78.0,5.0,149.0,6.0,836.0,9.0,75.0,3.0,196.0,528.0,223.0,23.0,28.0,28.0,354.0,625.0,833.0,0.0,13.0,57.0,625.0,833.0,0.0,13.0,57.0,1.0,935.0,1.0,329.0
139755.0,6.0,6.0,7.0,0.0,0.0,25.0,34.0,40.0,85.0,31.5,32.0,97.0,13.0,58.0,9.0,1.0,335.0,978.0,966.0,67.0,217.0,227.0,216.0,8.0,318.0,573.0,215.0,15.0,20.0,35.0,1.0,843.0,763.0,800.0,765.0,370.0,19.0,1.0,72.0,15.0,0.0,21.0,372.0,5.0,682.0,1.0,436.0,558.0,192.0,1.0,563.0,387.0,433.0,82.0,918.0,0.0,939.0,1.0,133.0,31.0,4.0,30.0,78.0,26.0,15.0,142.0,9.0,892.0,19.0,541.0,5.0,493.0,647.0,6.0,880.0,3.0,274.0,1.0,882.0,526.0,0.0,29.0,34.0,25.0,538.0,1.0,889.0,14.0,0.0,88.0,387.0,1.0,889.0,14.0,0.0,88.0,387.0,1.0,31.0,923.0
166629.0,4.0,5.0,27.0,0.0,0.0,29.0,269.0,22.0,78.0,27.0,58.0,91.0,21.0,77.0,4.0,824.0,901.0,602.0,41.0,912.0,298.0,423.0,0.0,341.0,462.0,0.0,26.0,30.0,57.0,287.0,212.0,784.0,213.0,902.0,18.0,1.0,635.0,12.0,178.0,25.0,316.0,7.0,838.0,1.0,61.0,31.0,0.0,1.0,132.0,525.0,0.0,11.0,225.0,24.0,915.0,1.0,54.0,1.0,426.0,59.0,8.0,24.0,80.0,7.0,22.0,748.0,6.0,521.0,23.0,339.0,5.0,930.0,1.0,754.0,5.0,281.0,6.0,69.0,1.0,418.0,268.0,29.0,25.0,29.0,25.0,276.0,307.0,98.0,28.0,12.0,131.0,307.0,98.0,28.0,12.0,131.0,1.0,321.0,1.0,51.0
126614.0,2.0,10.0,38.0,0.0,0.0,33.0,56.0,18.0,71.0,27.0,80.0,86.0,16.0,76.0,8.0,1.0,54.0,279.0,692.0,43.0,647.0,197.0,543.0,100.0,539.0,664.0,752.0,14.0,40.0,54.0,1.0,62.0,663.0,825.0,420.0,775.0,18.0,2.0,151.0,19.0,186.0,29.0,348.0,7.0,682.0,1.0,280.0,963.0,589.0,1.0,365.0,34.0,609.0,19.0,603.0,10.0,1.0,86.0,1.0,688.0,31.0,6.0,18.0,83.0,30.0,27.0,142.0,5.0,914.0,27.0,494.0,5.0,562.0,1.0,749.0,4.0,228.0,5.0,851.0,1.0,225.0,434.0,172.0,24.0,30.0,25.0,120.0,0.0,0.0,528.0,800.0,0.0,18.0,18.0,1.0,457.0,1.0,80.0
209551.0,2.0,9.0,46.0,0.0,0.0,24.0,32.0,15.0,71.0,24.0,74.0,88.0,24.0,81.0,5.0,602.0,894.0,543.0,38.0,81.0,55.0,861.0,601.0,368.0,96.0,326.0,6.0,42.0,49.0,706.0,973.0,0.0,79.0,698.0,19.0,1.0,558.0,7.0,375.0,22.0,441.0,6.0,327.0,854.0,592.0,766.0,871.0,529.0,643.0,31.0,375.0,0.0,732.0,1.0,222.0,38.0,8.0,18.0,90.0,10.0,20.0,538.0,3.0,494.0,21.0,646.0,2.0,386.0,1.0,648.0,2.0,608.0,5.0,110.0,897.0,199.0,121.0,21.0,27.0,18.0,892.0,659.0,671.0,118.0,29.0,395.0,659.0,671.0,118.0,29.0,395.0,1.0,54.0,711.0
196097.0,6.0,9.0,42.0,1.0,0.0,25.0,272.0,33.0,68.0,28.0,41.0,90.0,32.0,64.0,9.0,983.0,256.0,325.0,103.0,451.0,455.0,214.0,819.0,216.0,565.0,759.0,20.0,10.0,30.0,262.0,190.0,973.0,220.0,580.0,17.0,2.0,405.0,11.0,134.0,22.0,457.0,6.0,828.0,2.0,323.0,244.0,463.0,2.0,241.0,79.0,986.0,11.0,691.0,0.0,1.0,84.0,1.0,910.0,44.0,8.0,28.0,83.0,15.0,16.0,831.0,8.0,441.0,21.0,50.0,4.0,222.0,1.0,350.0,5.0,818.0,4.0,363.0,1.0,865.0,347.0,253.0,25.0,31.0,29.0,914.0,196.0,350.0,990.0,8.0,743.0,196.0,350.0,990.0,8.0,743.0,1.0,663.0,1.0,10.0
110653.0,2.0,22.0,9.0,1.0,0.0,30.0,836.0,18.0,88.0,25.5,39.0,93.0,43.0,77.0,7.0,1.0,422.0,918.0,406.0,83.0,452.0,260.0,685.0,0.0,446.0,990.0,0.0,10.0,17.0,28.0,498.0,171.0,336.0,329.0,798.0,19.0,2.0,148.0,15.0,0.0,30.0,313.0,8.0,767.0,2.0,529.0,696.0,0.0,2.0,562.0,418.0,0.0,15.0,956.0,0.0,1.0,170.0,1.0,868.0,42.0,4.0,16.0,97.0,30.0,25.0,256.0,5.0,580.0,30.0,52.0,784.0,1.0,110.0,3.0,829.0,6.0,763.0,1.0,412.0,390.0,202.0,22.0,29.0,23.0,345.0,310.0,163.0,0.0,10.0,232.0,310.0,163.0,0.0,10.0,232.0,1.0,723.0,1.0,159.0
110680.0,1.0,14.0,10.0,1.0,0.0,32.0,906.0,19.0,87.0,30.0,34.0,95.0,33.0,76.0,9.0,2.0,476.0,828.0,384.0,124.0,89.0,311.0,133.0,0.0,500.0,926.0,0.0,7.0,11.0,18.0,1.0,176.0,581.0,371.0,1.0,101.0,466.0,19.0,2.0,607.0,35.0,0.0,32.0,239.0,7.0,724.0,4.0,0.0,535.0,0.0,4.0,442.0,592.0,0.0,35.0,383.0,0.0,1.0,248.0,2.0,273.0,39.0,6.0,17.0,97.0,118.0,26.0,590.0,6.0,316.0,31.0,906.0,1.0,0.0,1.0,506.0,4.0,43.0,5.0,884.0,1.0,156.0,505.0,179.0,27.0,33.0,25.0,188.0,534.0,912.0,0.0,16.0,592.0,534.0,912.0,0.0,16.0,592.0,2.0,75.0,1.0,226.0
129020.0,5.0,8.0,20.0,1.0,0.0,27.0,43.0,30.0,83.0,27.5,53.0,92.0,19.0,69.0,9.0,1.0,344.0,117.0,519.0,89.0,352.0,631.0,344.0,30.0,324.0,520.0,586.0,25.0,13.0,38.0,377.0,170.0,484.0,259.0,397.0,17.0,2.0,32.0,8.0,0.0,24.0,826.0,8.0,216.0,2.0,218.0,286.0,38.0,2.0,512.0,327.0,247.0,13.0,88.0,7.0,11.0,1.0,298.0,1.0,864.0,50.0,3.0,23.0,88.0,1.0,18.0,826.0,8.0,217.0,23.0,718.0,3.0,325.0,579.0,5.0,529.0,5.0,692.0,1.0,744.0,339.0,421.0,25.0,30.0,38.0,502.0,367.0,14.0,863.0,14.0,783.0,367.0,14.0,863.0,14.0,783.0,1.0,896.0,1.0,290.0
153658.0,3.0,6.0,35.0,1.0,0.0,30.0,844.0,24.0,72.0,25.5,81.0,85.0,21.0,71.0,12.0,1.0,213.0,507.0,0.0,108.0,223.0,242.0,855.0,0.0,384.0,359.0,0.0,8.0,12.0,20.0,1.0,269.0,775.0,800.0,443.0,218.0,15.0,2.0,685.0,12.0,0.0,26.0,695.0,7.0,649.0,2.0,888.0,984.0,0.0,3.0,158.0,401.0,0.0,45.0,111.0,0.0,1.0,497.0,2.0,442.0,44.0,8.0,23.0,80.0,22.0,23.0,357.0,7.0,487.0,24.0,620.0,6.0,224.0,1.0,879.0,5.0,303.0,5.0,419.0,1.0,287.0,453.0,490.0,23.0,28.0,23.0,496.0,1.0,251.0,356.0,0.0,46.0,877.0,1.0,251.0,356.0,0.0,46.0,877.0,2.0,320.0,1.0,391.0
196088.0,6.0,5.0,43.0,1.0,0.0,29.0,796.0,33.0,74.0,25.5,60.0,88.0,31.0,58.0,12.0,946.0,384.0,957.0,39.0,259.0,413.0,94.0,614.0,251.0,923.0,446.0,41.0,25.0,66.0,600.0,960.0,825.0,382.0,935.0,13.0,2.0,348.0,13.0,0.0,26.0,496.0,8.0,520.0,1.0,40.0,215.0,629.0,1.0,4.0,776.0,566.0,22.0,688.0,0.0,1.0,149.0,1.0,847.0,47.0,7.0,25.0,83.0,7.0,19.0,953.0,9.0,843.0,24.0,846.0,4.0,950.0,1.0,494.0,6.0,69.0,4.0,983.0,2.0,509.0,342.0,686.0,23.0,28.0,25.0,99.0,624.0,790.0,675.0,23.0,581.0,624.0,790.0,675.0,23.0,581.0,1.0,597.0,1.0,128.0
230764.0,1.0,10.0,52.0,1.0,0.0,31.0,592.0,25.0,64.0,24.5,81.0,89.0,27.0,66.0,10.0,1.0,723.0,572.0,0.0,144.0,701.0,287.0,929.0,0.0,304.0,8.0,0.0,7.0,8.0,15.0,957.0,990.0,518.0,928.0,16.0,1.0,723.0,13.0,0.0,25.0,818.0,7.0,961.0,3.0,735.0,900.0,0.0,3.0,988.0,353.0,0.0,41.0,0.0,1.0,144.0,1.0,716.0,34.0,27.0,40.0,73.0,20.0,23.0,794.0,7.0,798.0,22.0,931.0,8.0,661.0,6.0,355.0,6.0,295.0,5.0,246.0,1.0,948.0,384.0,383.0,21.0,28.0,22.0,927.0,723.0,827.0,0.0,28.0,36.0,723.0,827.0,0.0,28.0,36.0,1.0,712.0,1.0,141.0
110671.0,4.0,33.0,58.0,1.0,0.0,21.0,385.0,13.0,73.0,24.0,56.0,91.0,52.0,86.0,5.0,671.0,223.0,441.0,37.0,916.0,219.0,25.0,0.0,275.0,70.0,0.0,25.0,32.0,57.0,191.0,420.0,248.0,144.0,511.0,19.0,1.0,7.0,9.0,0.0,21.0,76.0,5.0,522.0,799.0,111.0,0.0,872.0,159.0,0.0,8.0,934.0,16.0,754.0,689.0,899.0,54.0,5.0,13.0,98.0,8.0,18.0,607.0,2.0,778.0,20.0,921.0,464.0,925.0,1.0,904.0,4.0,729.0,521.0,272.0,0.0,21.0,27.0,23.0,444.0,136.0,3.0,0.0,6.0,453.0,136.0,3.0,0.0,6.0,453.0,844.0,682.0
104179.0,4.0,23.0,62.0,1.0,0.0,42.0,595.0,22.0,61.0,24.0,76.0,80.0,28.0,73.0,10.0,1.0,575.0,255.0,0.0,47.0,870.0,294.0,475.0,0.0,554.0,768.0,0.0,14.0,27.0,42.0,754.0,401.0,0.0,606.0,219.0,22.0,2.0,425.0,12.0,0.0,38.0,603.0,9.0,717.0,1.0,847.0,924.0,0.0,2.0,42.0,135.0,0.0,17.0,724.0,56.0,581.0,1.0,549.0,2.0,26.0,41.0,8.0,23.0,86.0,30.0,33.0,331.0,9.0,264.0,36.0,607.0,5.0,988.0,2.0,657.0,7.0,152.0,7.0,76.0,1.0,702.0,528.0,411.0,0.0,0.0,21.0,999.0,760.0,679.0,0.0,19.0,705.0,760.0,679.0,0.0,19.0,705.0,1.0,820.0,1.0,449.0
